-- phpMyAdmin SQL Dump
-- version 5.2.0
-- https://www.phpmyadmin.net/
--
-- Host: 127.0.0.1
-- Generation Time: Nov 12, 2024 at 01:31 PM
-- Server version: 10.4.24-MariaDB
-- PHP Version: 8.1.6

SET SQL_MODE = "NO_AUTO_VALUE_ON_ZERO";
START TRANSACTION;
SET time_zone = "+00:00";


/*!40101 SET @OLD_CHARACTER_SET_CLIENT=@@CHARACTER_SET_CLIENT */;
/*!40101 SET @OLD_CHARACTER_SET_RESULTS=@@CHARACTER_SET_RESULTS */;
/*!40101 SET @OLD_COLLATION_CONNECTION=@@COLLATION_CONNECTION */;
/*!40101 SET NAMES utf8mb4 */;

--
-- Database: `student_attendance`
--

-- --------------------------------------------------------

--
-- Table structure for table `admin`
--

CREATE TABLE `admin` (
  `admin_id` int(11) NOT NULL,
  `adminName` varchar(255) NOT NULL,
  `username` varchar(200) NOT NULL,
  `password` varchar(200) NOT NULL
) ENGINE=InnoDB DEFAULT CHARSET=utf8mb4;

--
-- Dumping data for table `admin`
--

INSERT INTO `admin` (`admin_id`, `adminName`, `username`, `password`) VALUES
(1, 'LDES', 'admin', 'admin');

-- --------------------------------------------------------

--
-- Table structure for table `attendance`
--

CREATE TABLE `attendance` (
  `attendance_id` int(11) NOT NULL,
  `student_id` int(11) NOT NULL,
  `teacher_id` int(11) NOT NULL,
  `subject_id` int(11) NOT NULL,
  `time_in` timestamp NOT NULL DEFAULT current_timestamp(),
  `remarks` varchar(25) NOT NULL,
  `qr` varchar(2555) NOT NULL
) ENGINE=InnoDB DEFAULT CHARSET=utf8mb4;

--
-- Dumping data for table `attendance`
--

INSERT INTO `attendance` (`attendance_id`, `student_id`, `teacher_id`, `subject_id`, `time_in`, `remarks`, `qr`) VALUES
(1, 4, 2, 2, '2024-09-01 22:24:00', 'Present', ''),
(2, 5, 2, 2, '2024-09-01 22:00:00', 'Present', ''),
(3, 6, 2, 2, '2024-09-01 16:00:00', 'Absent', ''),
(4, 1, 1, 1, '2024-09-01 22:30:00', 'Present', ''),
(5, 1, 1, 1, '2024-09-02 21:53:20', 'Present', ''),
(6, 1, 1, 1, '2024-09-03 16:00:00', 'Absent', ''),
(7, 1, 1, 1, '2024-09-04 22:13:54', 'Present', ''),
(8, 1, 1, 1, '2024-09-05 22:13:54', 'Present', ''),
(9, 1, 1, 1, '2024-09-17 22:13:54', 'Present', ''),
(10, 1, 1, 1, '2024-09-18 22:13:54', 'Present', ''),
(11, 1, 1, 1, '2024-09-08 22:13:54', 'Present', ''),
(12, 1, 1, 1, '2024-09-09 22:13:54', 'Present', ''),
(13, 1, 1, 1, '2024-09-10 22:13:54', 'Present', ''),
(14, 1, 1, 1, '2024-09-11 22:13:54', 'Present', ''),
(15, 1, 1, 1, '2024-09-12 22:13:54', 'Present', ''),
(16, 1, 1, 1, '2024-09-15 22:13:54', 'Present', ''),
(17, 1, 1, 1, '2024-09-16 22:13:54', 'Present', ''),
(18, 1, 1, 1, '2024-09-19 22:21:54', 'Present', ''),
(19, 1, 1, 1, '2024-09-22 22:21:54', 'Present', ''),
(20, 1, 1, 1, '2024-09-23 22:38:54', 'Present', ''),
(21, 1, 1, 1, '2024-09-24 22:01:05', 'Present', ''),
(22, 1, 1, 1, '2024-09-25 22:11:14', 'Present', ''),
(23, 1, 1, 1, '2024-09-26 22:31:01', 'Present', ''),
(24, 1, 1, 1, '2024-09-29 22:21:54', 'Present', ''),
(25, 1, 1, 1, '2024-09-30 22:38:54', 'Present', ''),
(26, 1, 1, 1, '2024-10-01 22:01:05', 'Present', ''),
(27, 1, 1, 1, '2024-10-02 22:11:14', 'Present', ''),
(28, 1, 1, 1, '2024-10-03 22:31:01', 'Present', ''),
(29, 1, 1, 1, '2024-10-06 22:21:54', 'Present', ''),
(30, 1, 1, 1, '2024-10-07 22:38:54', 'Present', ''),
(31, 1, 1, 1, '2024-10-08 22:01:05', 'Present', ''),
(32, 1, 1, 1, '2024-10-09 22:11:14', 'Present', ''),
(33, 1, 1, 1, '2024-10-10 22:31:01', 'Present', ''),
(34, 1, 1, 1, '2024-10-13 22:21:54', 'Present', ''),
(35, 1, 1, 1, '2024-10-14 22:38:54', 'Present', ''),
(36, 1, 1, 1, '2024-10-15 22:01:05', 'Present', ''),
(37, 1, 1, 1, '2024-10-16 22:11:14', 'Present', ''),
(38, 1, 1, 1, '2024-10-17 22:31:01', 'Present', ''),
(39, 1, 1, 1, '2024-10-20 22:31:01', 'Present', ''),
(40, 1, 1, 1, '2024-10-21 22:21:54', 'Present', ''),
(41, 1, 1, 1, '2024-10-22 22:38:54', 'Present', ''),
(42, 1, 1, 1, '2024-10-23 22:01:05', 'Present', ''),
(43, 1, 1, 1, '2024-10-24 22:11:14', 'Present', ''),
(44, 1, 1, 1, '2024-10-27 22:31:01', 'Present', ''),
(45, 1, 1, 1, '2024-10-28 22:11:14', 'Present', ''),
(46, 1, 1, 1, '2024-10-29 22:31:01', 'Present', ''),
(47, 2, 1, 1, '2024-09-01 22:11:14', 'Present', ''),
(48, 2, 1, 1, '2024-09-02 22:11:01', 'Present', ''),
(49, 2, 1, 1, '2024-09-03 22:31:14', 'Present', ''),
(50, 2, 1, 1, '2024-09-04 22:40:01', 'Present', ''),
(51, 2, 1, 1, '2024-09-05 22:30:41', 'Present', ''),
(52, 2, 1, 1, '2024-09-08 22:11:14', 'Present', ''),
(53, 2, 1, 1, '2024-09-09 22:11:01', 'Present', ''),
(54, 2, 1, 1, '2024-09-10 22:31:14', 'Present', ''),
(55, 2, 1, 1, '2024-09-11 22:40:01', 'Present', ''),
(56, 2, 1, 1, '2024-09-12 22:30:41', 'Present', ''),
(57, 2, 1, 1, '2024-09-15 22:01:14', 'Present', ''),
(58, 2, 1, 1, '2024-09-16 22:31:01', 'Present', ''),
(59, 2, 1, 1, '2024-09-17 22:29:24', 'Present', ''),
(60, 2, 1, 1, '2024-09-18 22:40:09', 'Present', ''),
(61, 2, 1, 1, '2024-09-19 22:30:13', 'Present', ''),
(62, 2, 1, 1, '2024-09-22 22:23:10', 'Present', ''),
(63, 2, 1, 1, '2024-09-23 22:11:01', 'Present', ''),
(64, 2, 1, 1, '2024-09-24 22:31:14', 'Present', ''),
(65, 2, 1, 1, '2024-09-25 22:40:01', 'Present', ''),
(66, 2, 1, 1, '2024-09-26 22:30:41', 'Present', ''),
(67, 2, 1, 1, '2024-09-29 22:25:11', 'Present', ''),
(68, 2, 1, 1, '2024-09-30 22:11:14', 'Present', ''),
(69, 2, 1, 1, '2024-10-01 22:11:01', 'Present', ''),
(70, 2, 1, 1, '2024-10-02 22:31:14', 'Present', ''),
(71, 2, 1, 1, '2024-10-03 22:40:01', 'Present', ''),
(72, 2, 1, 1, '2024-10-06 22:30:41', 'Present', ''),
(73, 2, 1, 1, '2024-10-07 22:11:14', 'Present', ''),
(74, 2, 1, 1, '2024-10-08 22:11:01', 'Present', ''),
(75, 2, 1, 1, '2024-10-09 22:31:14', 'Present', ''),
(76, 2, 1, 1, '2024-10-10 22:40:01', 'Present', ''),
(77, 2, 1, 1, '2024-10-13 22:30:41', 'Present', ''),
(78, 2, 1, 1, '2024-10-14 22:01:14', 'Present', ''),
(79, 2, 1, 1, '2024-10-15 22:31:01', 'Present', ''),
(80, 2, 1, 1, '2024-10-16 22:29:24', 'Present', ''),
(81, 2, 1, 1, '2024-10-17 22:40:09', 'Present', ''),
(82, 2, 1, 1, '2024-10-20 16:00:00', 'Absent', ''),
(83, 2, 1, 1, '2024-10-21 16:00:00', 'Absent', ''),
(84, 2, 1, 1, '2024-10-22 22:11:01', 'Present', ''),
(85, 2, 1, 1, '2024-10-23 22:31:14', 'Present', ''),
(86, 2, 1, 1, '2024-10-24 22:40:01', 'Present', ''),
(87, 2, 1, 1, '2024-10-27 16:00:00', 'Absent', ''),
(88, 2, 1, 1, '2024-10-28 22:25:11', 'Present', ''),
(89, 2, 1, 1, '2024-10-29 16:00:00', 'Absent', ''),
(90, 3, 1, 1, '2024-09-01 16:00:00', 'Absent', ''),
(91, 3, 1, 1, '2024-09-02 22:11:01', 'Present', ''),
(92, 3, 1, 1, '2024-09-03 16:00:00', 'Absent', ''),
(93, 3, 1, 1, '2024-09-04 22:40:01', 'Present', ''),
(94, 3, 1, 1, '2024-09-05 22:30:41', 'Present', ''),
(95, 3, 1, 1, '2024-09-08 16:00:00', 'Absent', ''),
(96, 3, 1, 1, '2024-09-09 16:00:00', 'Absent', ''),
(97, 3, 1, 1, '2024-09-10 22:31:14', 'Present', ''),
(98, 3, 1, 1, '2024-09-11 22:40:01', 'Present', ''),
(99, 3, 1, 1, '2024-09-12 22:30:41', 'Present', ''),
(100, 3, 1, 1, '2024-09-15 16:00:00', 'Absent', ''),
(101, 3, 1, 1, '2024-09-16 22:31:01', 'Present', ''),
(102, 3, 1, 1, '2024-09-17 16:00:00', 'Absent', ''),
(103, 3, 1, 1, '2024-09-18 16:00:00', 'Absent', ''),
(104, 3, 1, 1, '2024-09-19 16:00:00', 'Absent', ''),
(105, 3, 1, 1, '2024-09-22 16:00:00', 'Absent', ''),
(106, 3, 1, 1, '2024-09-23 22:11:01', 'Present', ''),
(107, 3, 1, 1, '2024-09-24 16:00:00', 'Absent', ''),
(108, 3, 1, 1, '2024-09-25 16:00:00', 'Absent', ''),
(109, 3, 1, 1, '2024-09-26 22:30:41', 'Present', ''),
(110, 3, 1, 1, '2024-09-29 16:00:00', 'Absent', ''),
(111, 3, 1, 1, '2024-09-30 22:11:14', 'Present', ''),
(112, 3, 1, 1, '2024-10-01 22:11:01', 'Present', ''),
(113, 3, 1, 1, '2024-10-02 22:31:14', 'Present', ''),
(114, 3, 1, 1, '2024-10-03 22:40:01', 'Present', ''),
(115, 3, 1, 1, '2024-10-06 22:30:41', 'Present', ''),
(116, 3, 1, 1, '2024-10-07 22:11:14', 'Present', ''),
(117, 3, 1, 1, '2024-10-08 22:11:01', 'Present', ''),
(118, 3, 1, 1, '2024-10-09 22:31:14', 'Present', ''),
(119, 3, 1, 1, '2024-10-10 22:40:01', 'Present', ''),
(120, 3, 1, 1, '2024-10-13 22:30:41', 'Present', ''),
(121, 3, 1, 1, '2024-10-14 22:01:14', 'Present', ''),
(122, 3, 1, 1, '2024-10-15 22:31:01', 'Present', ''),
(123, 3, 1, 1, '2024-10-16 22:29:24', 'Present', ''),
(124, 3, 1, 1, '2024-10-17 22:40:09', 'Present', ''),
(125, 3, 1, 1, '2024-10-20 16:00:00', 'Absent', ''),
(126, 3, 1, 1, '2024-10-21 16:00:00', 'Absent', ''),
(127, 3, 1, 1, '2024-10-22 22:11:01', 'Present', ''),
(128, 3, 1, 1, '2024-10-23 22:31:14', 'Present', ''),
(129, 3, 1, 1, '2024-10-24 22:40:01', 'Present', ''),
(130, 3, 1, 1, '2024-10-27 16:00:00', 'Absent', ''),
(131, 3, 1, 1, '2024-10-28 22:25:11', 'Present', ''),
(132, 3, 1, 1, '2024-10-29 16:00:00', 'Absent', ''),
(133, 4, 2, 2, '2024-09-01 22:11:14', 'Present', ''),
(134, 4, 2, 2, '2024-09-02 22:11:01', 'Present', ''),
(135, 4, 2, 2, '2024-09-03 22:31:14', 'Present', ''),
(136, 4, 2, 2, '2024-09-04 22:40:01', 'Present', ''),
(137, 4, 2, 2, '2024-09-05 22:30:41', 'Present', ''),
(138, 4, 2, 2, '2024-09-08 22:11:14', 'Present', ''),
(139, 4, 2, 2, '2024-09-09 22:11:01', 'Present', ''),
(140, 4, 2, 2, '2024-09-10 22:31:14', 'Present', ''),
(141, 4, 2, 2, '2024-09-11 22:40:01', 'Present', ''),
(142, 4, 2, 2, '2024-09-12 22:30:41', 'Present', ''),
(143, 4, 2, 2, '2024-09-15 22:01:14', 'Present', ''),
(144, 4, 2, 2, '2024-09-16 22:31:01', 'Present', ''),
(145, 4, 2, 2, '2024-09-17 22:29:24', 'Present', ''),
(146, 4, 2, 2, '2024-09-18 22:40:09', 'Present', ''),
(147, 4, 2, 2, '2024-09-19 22:30:13', 'Present', ''),
(148, 4, 2, 2, '2024-09-22 22:23:10', 'Present', ''),
(149, 4, 2, 2, '2024-09-23 22:11:01', 'Present', ''),
(150, 4, 2, 2, '2024-09-24 22:31:14', 'Present', ''),
(151, 4, 2, 2, '2024-09-25 22:40:01', 'Present', ''),
(152, 4, 2, 2, '2024-09-26 22:30:41', 'Present', ''),
(153, 4, 2, 2, '2024-09-29 22:25:11', 'Present', ''),
(154, 4, 2, 2, '2024-09-30 22:11:14', 'Present', ''),
(155, 4, 2, 2, '2024-10-01 22:11:01', 'Present', ''),
(156, 4, 2, 2, '2024-10-02 22:31:14', 'Present', ''),
(157, 4, 2, 2, '2024-10-03 22:40:01', 'Present', ''),
(158, 4, 2, 2, '2024-10-06 22:30:41', 'Present', ''),
(159, 4, 2, 2, '2024-10-07 22:11:14', 'Present', ''),
(160, 4, 2, 2, '2024-10-08 22:11:01', 'Present', ''),
(161, 4, 2, 2, '2024-10-09 22:31:14', 'Present', ''),
(162, 4, 2, 2, '2024-10-10 22:40:01', 'Present', ''),
(163, 4, 2, 2, '2024-10-13 22:30:41', 'Present', ''),
(164, 4, 2, 2, '2024-10-14 22:01:14', 'Present', ''),
(165, 4, 2, 2, '2024-10-15 22:31:01', 'Present', ''),
(166, 4, 2, 2, '2024-10-16 22:29:24', 'Present', ''),
(167, 4, 2, 2, '2024-10-17 22:40:09', 'Present', ''),
(168, 4, 2, 2, '2024-10-20 16:00:00', 'Absent', ''),
(169, 4, 2, 2, '2024-10-21 16:00:00', 'Absent', ''),
(170, 4, 2, 2, '2024-10-22 22:11:01', 'Present', ''),
(171, 4, 2, 2, '2024-10-23 22:31:14', 'Present', ''),
(172, 4, 2, 2, '2024-10-24 22:40:01', 'Present', ''),
(173, 4, 2, 2, '2024-10-27 16:00:00', 'Absent', ''),
(174, 4, 2, 2, '2024-10-28 22:25:11', 'Present', ''),
(175, 4, 2, 2, '2024-10-29 16:00:00', 'Absent', ''),
(176, 5, 2, 2, '2024-09-01 22:11:14', 'Present', ''),
(177, 5, 2, 2, '2024-09-02 22:11:01', 'Present', ''),
(178, 5, 2, 2, '2024-09-03 22:31:14', 'Present', ''),
(179, 5, 2, 2, '2024-09-04 22:40:01', 'Present', ''),
(180, 5, 2, 2, '2024-09-05 22:30:41', 'Present', ''),
(181, 5, 2, 2, '2024-09-08 22:11:14', 'Present', ''),
(182, 5, 2, 2, '2024-09-09 22:11:01', 'Present', ''),
(183, 5, 2, 2, '2024-09-10 22:31:14', 'Present', ''),
(184, 5, 2, 2, '2024-09-11 22:40:01', 'Present', ''),
(185, 5, 2, 2, '2024-09-12 22:30:41', 'Present', ''),
(186, 5, 2, 2, '2024-09-15 22:01:14', 'Present', ''),
(187, 5, 2, 2, '2024-09-16 22:31:01', 'Present', ''),
(188, 5, 2, 2, '2024-09-17 22:29:24', 'Present', ''),
(189, 5, 2, 2, '2024-09-18 22:40:09', 'Present', ''),
(190, 5, 2, 2, '2024-09-19 22:30:13', 'Present', ''),
(191, 5, 2, 2, '2024-09-22 22:23:10', 'Present', ''),
(192, 5, 2, 2, '2024-09-23 22:11:01', 'Present', ''),
(193, 5, 2, 2, '2024-09-24 22:31:14', 'Present', ''),
(194, 5, 2, 2, '2024-09-25 22:40:01', 'Present', ''),
(195, 5, 2, 2, '2024-09-26 22:30:41', 'Present', ''),
(196, 5, 2, 2, '2024-09-29 22:25:11', 'Present', ''),
(197, 5, 2, 2, '2024-09-30 22:11:14', 'Present', ''),
(198, 5, 2, 2, '2024-10-01 22:11:01', 'Present', ''),
(199, 5, 2, 2, '2024-10-02 22:31:14', 'Present', ''),
(200, 5, 2, 2, '2024-10-03 22:40:01', 'Present', ''),
(201, 5, 2, 2, '2024-10-06 22:30:41', 'Present', ''),
(202, 5, 2, 2, '2024-10-07 22:11:14', 'Present', ''),
(203, 5, 2, 2, '2024-10-08 22:11:01', 'Present', ''),
(204, 5, 2, 2, '2024-10-09 22:31:14', 'Present', ''),
(205, 5, 2, 2, '2024-10-10 22:40:01', 'Present', ''),
(206, 5, 2, 2, '2024-10-13 22:30:41', 'Present', ''),
(207, 5, 2, 2, '2024-10-14 22:01:14', 'Present', ''),
(208, 5, 2, 2, '2024-10-15 22:31:01', 'Present', ''),
(209, 5, 2, 2, '2024-10-16 22:29:24', 'Present', ''),
(210, 5, 2, 2, '2024-10-17 22:40:09', 'Present', ''),
(211, 5, 2, 2, '2024-10-20 22:28:21', 'Present', ''),
(212, 5, 2, 2, '2024-10-21 22:28:21', 'Present', ''),
(213, 5, 2, 2, '2024-10-22 22:11:01', 'Present', ''),
(214, 5, 2, 2, '2024-10-23 22:31:14', 'Present', ''),
(215, 5, 2, 2, '2024-10-24 22:40:01', 'Present', ''),
(216, 5, 2, 2, '2024-10-27 22:28:21', 'Present', ''),
(217, 5, 2, 2, '2024-10-28 22:25:11', 'Present', ''),
(218, 5, 2, 2, '2024-10-29 22:28:21', 'Present', ''),
(219, 6, 2, 2, '2024-09-01 16:00:00', 'Absent', ''),
(220, 6, 2, 2, '2024-09-02 22:11:01', 'Present', ''),
(221, 6, 2, 2, '2024-09-03 22:31:14', 'Present', ''),
(222, 6, 2, 2, '2024-09-04 16:00:00', 'Absent', ''),
(223, 6, 2, 2, '2024-09-05 22:30:41', 'Present', ''),
(224, 6, 2, 2, '2024-09-08 16:00:00', 'Absent', ''),
(225, 6, 2, 2, '2024-09-09 22:11:01', 'Present', ''),
(226, 6, 2, 2, '2024-09-10 22:31:14', 'Present', ''),
(227, 6, 2, 2, '2024-09-11 16:00:00', 'Absent', ''),
(228, 6, 2, 2, '2024-09-12 22:30:41', 'Present', ''),
(229, 6, 2, 2, '2024-09-15 16:00:00', 'Absent', ''),
(230, 6, 2, 2, '2024-09-16 22:31:01', 'Present', ''),
(231, 6, 2, 2, '2024-09-17 22:29:24', 'Present', ''),
(232, 6, 2, 2, '2024-09-18 16:00:00', 'Absent', ''),
(233, 6, 2, 2, '2024-09-19 16:00:00', 'Absent', ''),
(234, 6, 2, 2, '2024-09-22 22:23:10', 'Present', ''),
(235, 6, 2, 2, '2024-09-23 22:11:01', 'Present', ''),
(236, 6, 2, 2, '2024-09-24 16:00:00', 'Absent', ''),
(237, 6, 2, 2, '2024-09-25 16:00:00', 'Absent', ''),
(238, 6, 2, 2, '2024-09-26 22:30:41', 'Present', ''),
(239, 6, 2, 2, '2024-09-29 16:00:00', 'Absent', ''),
(240, 6, 2, 2, '2024-09-30 16:00:00', 'Absent', ''),
(241, 6, 2, 2, '2024-10-01 22:11:01', 'Present', ''),
(242, 6, 2, 2, '2024-10-02 22:31:14', 'Present', ''),
(243, 6, 2, 2, '2024-10-03 16:00:00', 'Absent', ''),
(244, 6, 2, 2, '2024-10-06 22:30:41', 'Present', ''),
(245, 6, 2, 2, '2024-10-07 16:00:00', 'Absent', ''),
(246, 6, 2, 2, '2024-10-08 22:11:01', 'Present', ''),
(247, 6, 2, 2, '2024-10-09 22:31:14', 'Present', ''),
(248, 6, 2, 2, '2024-10-10 16:00:00', 'Absent', ''),
(249, 6, 2, 2, '2024-10-13 22:30:41', 'Present', ''),
(250, 6, 2, 2, '2024-10-14 22:01:14', 'Present', ''),
(251, 6, 2, 2, '2024-10-15 22:31:01', 'Present', ''),
(252, 6, 2, 2, '2024-10-16 22:29:24', 'Present', ''),
(253, 6, 2, 2, '2024-10-17 16:00:00', 'Absent', ''),
(254, 6, 2, 2, '2024-10-20 22:28:21', 'Present', ''),
(255, 6, 2, 2, '2024-10-21 22:28:21', 'Present', ''),
(256, 6, 2, 2, '2024-10-22 22:11:01', 'Present', ''),
(257, 6, 2, 2, '2024-10-23 22:31:14', 'Present', ''),
(258, 6, 2, 2, '2024-10-24 16:00:00', 'Absent', ''),
(259, 6, 2, 2, '2024-10-27 22:28:21', 'Present', ''),
(260, 6, 2, 2, '2024-10-28 22:25:11', 'Present', ''),
(261, 6, 2, 2, '2024-10-29 22:28:21', 'Present', ''),
(262, 7, 3, 3, '2024-09-01 16:00:00', 'Absent', ''),
(263, 7, 3, 3, '2024-09-02 22:11:01', 'Present', ''),
(264, 7, 3, 3, '2024-09-03 22:31:14', 'Present', ''),
(265, 7, 3, 3, '2024-09-04 16:00:00', 'Absent', ''),
(266, 7, 3, 3, '2024-09-05 22:30:41', 'Present', ''),
(267, 7, 3, 3, '2024-09-08 16:00:00', 'Absent', ''),
(268, 7, 3, 3, '2024-09-09 22:11:01', 'Present', ''),
(269, 7, 3, 3, '2024-09-10 22:31:14', 'Present', ''),
(270, 7, 3, 3, '2024-09-11 16:00:00', 'Absent', ''),
(271, 7, 3, 3, '2024-09-12 22:30:41', 'Present', ''),
(272, 7, 3, 3, '2024-09-15 22:01:14', 'Present', ''),
(273, 7, 3, 3, '2024-09-16 22:31:01', 'Present', ''),
(274, 7, 3, 3, '2024-09-17 22:29:24', 'Present', ''),
(275, 7, 3, 3, '2024-09-18 16:00:00', 'Absent', ''),
(276, 7, 3, 3, '2024-09-19 22:30:13', 'Present', ''),
(277, 7, 3, 3, '2024-09-22 22:23:10', 'Present', ''),
(278, 7, 3, 3, '2024-09-23 22:11:01', 'Present', ''),
(279, 7, 3, 3, '2024-09-24 22:31:14', 'Present', ''),
(280, 7, 3, 3, '2024-09-25 16:00:00', 'Absent', ''),
(281, 7, 3, 3, '2024-09-26 22:30:41', 'Present', ''),
(282, 7, 3, 3, '2024-09-29 22:25:11', 'Present', ''),
(283, 7, 3, 3, '2024-09-30 16:00:00', 'Absent', ''),
(284, 7, 3, 3, '2024-10-01 22:11:01', 'Present', ''),
(285, 7, 3, 3, '2024-10-02 22:31:14', 'Present', ''),
(286, 7, 3, 3, '2024-10-03 16:00:00', 'Absent', ''),
(287, 7, 3, 3, '2024-10-06 22:30:41', 'Present', ''),
(288, 7, 3, 3, '2024-10-07 16:00:00', 'Absent', ''),
(289, 7, 3, 3, '2024-10-08 22:11:01', 'Present', ''),
(290, 7, 3, 3, '2024-10-09 22:31:14', 'Present', ''),
(291, 7, 3, 3, '2024-10-10 16:00:00', 'Absent', ''),
(292, 7, 3, 3, '2024-10-13 22:30:41', 'Present', ''),
(293, 7, 3, 3, '2024-10-14 22:01:14', 'Present', ''),
(294, 7, 3, 3, '2024-10-15 22:31:01', 'Present', ''),
(295, 7, 3, 3, '2024-10-16 22:29:24', 'Present', ''),
(296, 7, 3, 3, '2024-10-17 16:00:00', 'Absent', ''),
(297, 7, 3, 3, '2024-10-20 22:28:21', 'Present', ''),
(298, 7, 3, 3, '2024-10-21 22:28:21', 'Present', ''),
(299, 7, 3, 3, '2024-10-22 22:11:01', 'Present', ''),
(300, 7, 3, 3, '2024-10-23 22:31:14', 'Present', ''),
(301, 7, 3, 3, '2024-10-24 16:00:00', 'Absent', ''),
(302, 7, 3, 3, '2024-10-27 22:28:21', 'Present', ''),
(303, 7, 3, 3, '2024-10-28 22:25:11', 'Present', ''),
(304, 7, 3, 3, '2024-10-29 22:28:21', 'Present', ''),
(305, 10, 3, 3, '2024-11-12 16:00:00', 'Absent', ''),
(306, 11, 3, 3, '2024-11-12 16:00:00', 'Absent', ''),
(307, 12, 3, 3, '2024-11-12 16:00:00', 'Absent', ''),
(308, 19, 3, 3, '2024-11-12 16:00:00', 'Absent', ''),
(309, 20, 3, 3, '2024-11-12 16:00:00', 'Absent', ''),
(310, 21, 3, 3, '2024-11-12 16:00:00', 'Absent', ''),
(311, 22, 3, 3, '2024-11-12 16:00:00', 'Absent', ''),
(312, 23, 3, 3, '2024-11-12 16:00:00', 'Absent', ''),
(313, 24, 3, 3, '2024-11-12 16:00:00', 'Absent', ''),
(314, 25, 3, 3, '2024-11-12 16:00:00', 'Absent', ''),
(315, 26, 3, 3, '2024-11-12 16:00:00', 'Absent', ''),
(316, 27, 3, 3, '2024-11-12 16:00:00', 'Absent', ''),
(317, 7, 3, 3, '2024-11-11 16:00:00', 'Absent', ''),
(318, 8, 3, 3, '2024-11-11 16:00:00', 'Absent', ''),
(319, 9, 3, 3, '2024-11-11 16:00:00', 'Absent', ''),
(320, 8, 3, 3, '2024-09-01 22:30:50', 'Present', ''),
(321, 8, 3, 3, '2024-09-02 22:11:01', 'Present', ''),
(322, 8, 3, 3, '2024-09-03 22:31:14', 'Present', ''),
(323, 8, 3, 3, '2024-09-04 22:30:50', 'Present', ''),
(324, 8, 3, 3, '2024-09-05 22:30:41', 'Present', ''),
(325, 8, 3, 3, '2024-09-08 22:30:50', 'Present', ''),
(326, 8, 3, 3, '2024-09-09 22:11:01', 'Present', ''),
(327, 8, 3, 3, '2024-09-10 22:31:14', 'Present', ''),
(328, 8, 3, 3, '2024-09-11 22:30:50', 'Present', ''),
(329, 8, 3, 3, '2024-09-12 22:30:41', 'Present', ''),
(330, 8, 3, 3, '2024-09-15 22:01:14', 'Present', ''),
(331, 8, 3, 3, '2024-09-16 22:31:01', 'Present', ''),
(332, 8, 3, 3, '2024-09-17 22:29:24', 'Present', ''),
(333, 8, 3, 3, '2024-09-18 22:30:50', 'Present', ''),
(334, 8, 3, 3, '2024-09-19 22:30:13', 'Present', ''),
(335, 8, 3, 3, '2024-09-22 22:23:10', 'Present', ''),
(336, 8, 3, 3, '2024-09-23 22:11:01', 'Present', ''),
(337, 8, 3, 3, '2024-09-24 22:31:14', 'Present', ''),
(338, 8, 3, 3, '2024-09-25 22:30:50', 'Present', ''),
(339, 8, 3, 3, '2024-09-26 22:30:41', 'Present', ''),
(340, 8, 3, 3, '2024-09-29 22:25:11', 'Present', ''),
(341, 8, 3, 3, '2024-09-30 22:30:50', 'Present', ''),
(342, 8, 3, 3, '2024-10-01 22:11:01', 'Present', ''),
(343, 8, 3, 3, '2024-10-02 22:31:14', 'Present', ''),
(344, 8, 3, 3, '2024-10-03 22:30:50', 'Present', ''),
(345, 8, 3, 3, '2024-10-06 22:30:41', 'Present', ''),
(346, 8, 3, 3, '2024-10-07 22:30:50', 'Present', ''),
(347, 8, 3, 3, '2024-10-08 22:11:01', 'Present', ''),
(348, 8, 3, 3, '2024-10-09 22:31:14', 'Present', ''),
(349, 8, 3, 3, '2024-10-10 22:30:50', 'Present', ''),
(350, 8, 3, 3, '2024-10-13 22:30:41', 'Present', ''),
(351, 8, 3, 3, '2024-10-14 22:01:14', 'Present', ''),
(352, 8, 3, 3, '2024-10-15 22:31:01', 'Present', ''),
(353, 8, 3, 3, '2024-10-16 22:29:24', 'Present', ''),
(354, 8, 3, 3, '2024-10-17 22:30:50', 'Present', ''),
(355, 8, 3, 3, '2024-10-20 22:28:21', 'Present', ''),
(356, 8, 3, 3, '2024-10-21 22:28:21', 'Present', ''),
(357, 8, 3, 3, '2024-10-22 22:11:01', 'Present', ''),
(358, 8, 3, 3, '2024-10-23 22:31:14', 'Present', ''),
(359, 8, 3, 3, '2024-10-24 22:30:50', 'Present', ''),
(360, 8, 3, 3, '2024-10-27 22:28:21', 'Present', ''),
(361, 8, 3, 3, '2024-10-28 22:25:11', 'Present', ''),
(362, 8, 3, 3, '2024-10-29 22:28:21', 'Present', ''),
(363, 9, 3, 3, '2024-09-01 22:30:50', 'Present', ''),
(364, 9, 3, 3, '2024-09-02 22:11:01', 'Present', ''),
(365, 9, 3, 3, '2024-09-03 22:31:14', 'Present', ''),
(366, 9, 3, 3, '2024-09-04 22:30:50', 'Present', ''),
(367, 9, 3, 3, '2024-09-05 22:30:41', 'Present', ''),
(368, 9, 3, 3, '2024-09-08 22:30:50', 'Present', ''),
(369, 9, 3, 3, '2024-09-09 22:11:01', 'Present', ''),
(370, 9, 3, 3, '2024-09-10 22:31:14', 'Present', ''),
(371, 9, 3, 3, '2024-09-11 22:30:50', 'Present', ''),
(372, 9, 3, 3, '2024-09-12 22:30:41', 'Present', ''),
(373, 9, 3, 3, '2024-09-15 22:01:14', 'Present', ''),
(374, 9, 3, 3, '2024-09-16 22:31:01', 'Present', ''),
(375, 9, 3, 3, '2024-09-17 22:29:24', 'Present', ''),
(376, 9, 3, 3, '2024-09-18 22:30:50', 'Present', ''),
(377, 9, 3, 3, '2024-09-19 22:30:13', 'Present', ''),
(378, 9, 3, 3, '2024-09-22 16:00:00', 'Absent', ''),
(379, 9, 3, 3, '2024-09-23 22:11:01', 'Present', ''),
(380, 9, 3, 3, '2024-09-24 22:31:14', 'Present', ''),
(381, 9, 3, 3, '2024-09-25 22:30:50', 'Present', ''),
(382, 9, 3, 3, '2024-09-26 22:30:41', 'Present', ''),
(383, 9, 3, 3, '2024-09-29 22:25:11', 'Present', ''),
(384, 9, 3, 3, '2024-09-30 22:30:50', 'Present', ''),
(385, 9, 3, 3, '2024-10-01 22:11:01', 'Present', ''),
(386, 9, 3, 3, '2024-10-02 22:31:14', 'Present', ''),
(387, 9, 3, 3, '2024-10-03 22:30:50', 'Present', ''),
(388, 9, 3, 3, '2024-10-06 22:30:41', 'Present', ''),
(389, 9, 3, 3, '2024-10-07 22:30:50', 'Present', ''),
(390, 9, 3, 3, '2024-10-08 22:11:01', 'Present', ''),
(391, 9, 3, 3, '2024-10-09 22:31:14', 'Present', ''),
(392, 9, 3, 3, '2024-10-10 22:30:50', 'Present', ''),
(393, 9, 3, 3, '2024-10-13 22:30:41', 'Present', ''),
(394, 9, 3, 3, '2024-10-14 22:01:14', 'Present', ''),
(395, 9, 3, 3, '2024-10-15 22:31:01', 'Present', ''),
(396, 9, 3, 3, '2024-10-16 22:29:24', 'Present', ''),
(397, 9, 3, 3, '2024-10-17 22:30:50', 'Present', ''),
(398, 9, 3, 3, '2024-10-20 16:00:00', 'Absent', ''),
(399, 9, 3, 3, '2024-10-21 22:28:21', 'Present', ''),
(400, 9, 3, 3, '2024-10-22 22:11:01', 'Present', ''),
(401, 9, 3, 3, '2024-10-23 22:31:14', 'Present', ''),
(402, 9, 3, 3, '2024-10-24 22:30:50', 'Present', ''),
(403, 9, 3, 3, '2024-10-27 22:28:21', 'Present', ''),
(404, 9, 3, 3, '2024-10-28 22:25:11', 'Present', ''),
(405, 9, 3, 3, '2024-10-29 16:00:00', 'Absent', ''),
(406, 19, 7, 7, '2024-11-11 16:00:00', 'Absent', ''),
(407, 20, 7, 7, '2024-11-11 16:00:00', 'Absent', ''),
(408, 21, 7, 7, '2024-11-11 16:00:00', 'Absent', ''),
(409, 22, 7, 7, '2024-11-11 16:00:00', 'Absent', ''),
(410, 23, 7, 7, '2024-11-11 16:00:00', 'Absent', ''),
(411, 24, 7, 7, '2024-11-11 16:00:00', 'Absent', ''),
(412, 25, 7, 7, '2024-11-11 16:00:00', 'Absent', ''),
(413, 26, 7, 7, '2024-11-11 16:00:00', 'Absent', ''),
(414, 27, 7, 7, '2024-11-11 16:00:00', 'Absent', ''),
(415, 10, 4, 4, '2024-11-11 16:00:00', 'Absent', ''),
(416, 11, 4, 4, '2024-11-11 16:00:00', 'Absent', ''),
(417, 12, 4, 4, '2024-11-11 16:00:00', 'Absent', ''),
(418, 10, 4, 4, '2024-09-01 22:30:50', 'Present', ''),
(419, 10, 4, 4, '2024-09-02 22:11:01', 'Present', ''),
(420, 10, 4, 4, '2024-09-03 22:31:14', 'Present', ''),
(421, 10, 4, 4, '2024-09-04 22:30:50', 'Present', ''),
(422, 10, 4, 4, '2024-09-05 22:30:41', 'Present', ''),
(423, 10, 4, 4, '2024-09-08 22:30:50', 'Present', ''),
(424, 10, 4, 4, '2024-09-09 22:11:01', 'Present', ''),
(425, 10, 4, 4, '2024-09-10 22:31:14', 'Present', ''),
(426, 10, 4, 4, '2024-09-11 22:30:50', 'Present', ''),
(427, 10, 4, 4, '2024-09-12 22:30:41', 'Present', ''),
(428, 10, 4, 4, '2024-09-15 22:01:14', 'Present', ''),
(429, 10, 4, 4, '2024-09-16 22:31:01', 'Present', ''),
(430, 10, 4, 4, '2024-09-17 22:29:24', 'Present', ''),
(431, 10, 4, 4, '2024-09-18 22:30:50', 'Present', ''),
(432, 10, 4, 4, '2024-09-19 22:30:13', 'Present', ''),
(433, 10, 4, 4, '2024-09-22 16:00:00', 'Absent', ''),
(434, 10, 4, 4, '2024-09-23 22:11:01', 'Present', ''),
(435, 10, 4, 4, '2024-09-24 22:31:14', 'Present', ''),
(436, 10, 4, 4, '2024-09-25 22:30:50', 'Present', ''),
(437, 10, 4, 4, '2024-09-26 22:30:41', 'Present', ''),
(438, 10, 4, 4, '2024-09-29 22:25:11', 'Present', ''),
(439, 10, 4, 4, '2024-09-30 22:30:50', 'Present', ''),
(440, 10, 4, 4, '2024-10-01 22:11:01', 'Present', ''),
(441, 10, 4, 4, '2024-10-02 22:31:14', 'Present', ''),
(442, 10, 4, 4, '2024-10-03 22:30:50', 'Present', ''),
(443, 10, 4, 4, '2024-10-06 22:30:41', 'Present', ''),
(444, 10, 4, 4, '2024-10-07 22:30:50', 'Present', ''),
(445, 10, 4, 4, '2024-10-08 22:11:01', 'Present', ''),
(446, 10, 4, 4, '2024-10-09 22:31:14', 'Present', ''),
(447, 10, 4, 4, '2024-10-10 22:30:50', 'Present', ''),
(448, 10, 4, 4, '2024-10-13 22:30:41', 'Present', ''),
(449, 10, 4, 4, '2024-10-14 22:01:14', 'Present', ''),
(450, 10, 4, 4, '2024-10-15 22:31:01', 'Present', ''),
(451, 10, 4, 4, '2024-10-16 22:29:24', 'Present', ''),
(452, 10, 4, 4, '2024-10-17 22:30:50', 'Present', ''),
(453, 10, 4, 4, '2024-10-20 16:00:00', 'Absent', ''),
(454, 10, 4, 4, '2024-10-21 22:28:21', 'Present', ''),
(455, 10, 4, 4, '2024-10-22 22:11:01', 'Present', ''),
(456, 10, 4, 4, '2024-10-23 22:31:14', 'Present', ''),
(457, 10, 4, 4, '2024-10-24 22:30:50', 'Present', ''),
(458, 10, 4, 4, '2024-10-27 22:28:21', 'Present', ''),
(459, 10, 4, 4, '2024-10-28 22:25:11', 'Present', ''),
(460, 10, 4, 4, '2024-10-29 16:00:00', 'Absent', ''),
(461, 11, 4, 4, '2024-09-01 22:30:50', 'Present', ''),
(462, 11, 4, 4, '2024-09-02 22:11:01', 'Present', ''),
(463, 11, 4, 4, '2024-09-03 22:31:14', 'Present', ''),
(464, 11, 4, 4, '2024-09-04 22:30:50', 'Present', ''),
(465, 11, 4, 4, '2024-09-05 22:30:41', 'Present', ''),
(466, 11, 4, 4, '2024-09-08 22:30:50', 'Present', ''),
(467, 11, 4, 4, '2024-09-09 22:11:01', 'Present', ''),
(468, 11, 4, 4, '2024-09-10 22:31:14', 'Present', ''),
(469, 11, 4, 4, '2024-09-11 22:30:50', 'Present', ''),
(470, 11, 4, 4, '2024-09-12 22:30:41', 'Present', ''),
(471, 11, 4, 4, '2024-09-15 22:01:14', 'Present', ''),
(472, 11, 4, 4, '2024-09-16 22:31:01', 'Present', ''),
(473, 11, 4, 4, '2024-09-17 22:29:24', 'Present', ''),
(474, 11, 4, 4, '2024-09-18 22:30:50', 'Present', ''),
(475, 11, 4, 4, '2024-09-19 22:30:13', 'Present', ''),
(476, 11, 4, 4, '2024-09-22 16:00:00', 'Absent', ''),
(477, 11, 4, 4, '2024-09-23 22:11:01', 'Present', ''),
(478, 11, 4, 4, '2024-09-24 22:31:14', 'Present', ''),
(479, 11, 4, 4, '2024-09-25 22:30:50', 'Present', ''),
(480, 11, 4, 4, '2024-09-26 22:30:41', 'Present', ''),
(481, 11, 4, 4, '2024-09-29 22:25:11', 'Present', ''),
(482, 11, 4, 4, '2024-09-30 22:30:50', 'Present', ''),
(483, 11, 4, 4, '2024-10-01 22:11:01', 'Present', ''),
(484, 11, 4, 4, '2024-10-02 22:31:14', 'Present', ''),
(485, 11, 4, 4, '2024-10-03 22:30:50', 'Present', ''),
(486, 11, 4, 4, '2024-10-06 22:30:41', 'Present', ''),
(487, 11, 4, 4, '2024-10-07 22:30:50', 'Present', ''),
(488, 11, 4, 4, '2024-10-08 22:11:01', 'Present', ''),
(489, 11, 4, 4, '2024-10-09 22:31:14', 'Present', ''),
(490, 11, 4, 4, '2024-10-10 22:30:50', 'Present', ''),
(491, 11, 4, 4, '2024-10-13 22:30:41', 'Present', ''),
(492, 11, 4, 4, '2024-10-14 22:01:14', 'Present', ''),
(493, 11, 4, 4, '2024-10-15 22:31:01', 'Present', ''),
(494, 11, 4, 4, '2024-10-16 22:29:24', 'Present', ''),
(495, 11, 4, 4, '2024-10-17 22:30:50', 'Present', ''),
(496, 11, 4, 4, '2024-10-20 16:00:00', 'Absent', ''),
(497, 11, 4, 4, '2024-10-21 22:28:21', 'Present', ''),
(498, 11, 4, 4, '2024-10-22 22:11:01', 'Present', ''),
(499, 11, 4, 4, '2024-10-23 22:31:14', 'Present', ''),
(500, 11, 4, 4, '2024-10-24 22:30:50', 'Present', ''),
(501, 11, 4, 4, '2024-10-27 22:28:21', 'Present', ''),
(502, 11, 4, 4, '2024-10-28 22:25:11', 'Present', ''),
(503, 11, 4, 4, '2024-10-29 16:00:00', 'Absent', ''),
(504, 12, 4, 4, '2024-09-01 22:30:50', 'Present', ''),
(505, 12, 4, 4, '2024-09-02 22:11:01', 'Present', ''),
(506, 12, 4, 4, '2024-09-03 22:31:14', 'Present', ''),
(507, 12, 4, 4, '2024-09-04 22:30:50', 'Present', ''),
(508, 12, 4, 4, '2024-09-05 22:30:41', 'Present', ''),
(509, 12, 4, 4, '2024-09-08 22:30:50', 'Present', ''),
(510, 12, 4, 4, '2024-09-09 22:11:01', 'Present', ''),
(511, 12, 4, 4, '2024-09-10 22:31:14', 'Present', ''),
(512, 12, 4, 4, '2024-09-11 22:30:50', 'Present', ''),
(513, 12, 4, 4, '2024-09-12 22:30:41', 'Present', ''),
(514, 12, 4, 4, '2024-09-15 22:01:14', 'Present', ''),
(515, 12, 4, 4, '2024-09-16 22:31:01', 'Present', ''),
(516, 12, 4, 4, '2024-09-17 22:29:24', 'Present', ''),
(517, 12, 4, 4, '2024-09-18 22:30:50', 'Present', ''),
(518, 12, 4, 4, '2024-09-19 22:30:13', 'Present', ''),
(519, 12, 4, 4, '2024-09-22 16:00:00', 'Absent', ''),
(520, 12, 4, 4, '2024-09-23 22:11:01', 'Present', ''),
(521, 12, 4, 4, '2024-09-24 22:31:14', 'Present', ''),
(522, 12, 4, 4, '2024-09-25 22:30:50', 'Present', ''),
(523, 12, 4, 4, '2024-09-26 22:30:41', 'Present', ''),
(524, 12, 4, 4, '2024-09-29 22:25:11', 'Present', ''),
(525, 12, 4, 4, '2024-09-30 22:30:50', 'Present', ''),
(526, 12, 4, 4, '2024-10-01 22:11:01', 'Present', ''),
(527, 12, 4, 4, '2024-10-02 22:31:14', 'Present', ''),
(528, 12, 4, 4, '2024-10-03 22:30:50', 'Present', ''),
(529, 12, 4, 4, '2024-10-06 22:30:41', 'Present', ''),
(530, 12, 4, 4, '2024-10-07 22:30:50', 'Present', ''),
(531, 12, 4, 4, '2024-10-08 22:11:01', 'Present', ''),
(532, 12, 4, 4, '2024-10-09 22:31:14', 'Present', ''),
(533, 12, 4, 4, '2024-10-10 22:30:50', 'Present', ''),
(534, 12, 4, 4, '2024-10-13 22:30:41', 'Present', ''),
(535, 12, 4, 4, '2024-10-14 22:01:14', 'Present', ''),
(536, 12, 4, 4, '2024-10-15 22:31:01', 'Present', ''),
(537, 12, 4, 4, '2024-10-16 22:29:24', 'Present', ''),
(538, 12, 4, 4, '2024-10-17 22:30:50', 'Present', ''),
(539, 12, 4, 4, '2024-10-20 16:00:00', 'Absent', ''),
(540, 12, 4, 4, '2024-10-21 22:28:21', 'Present', ''),
(541, 12, 4, 4, '2024-10-22 22:11:01', 'Present', ''),
(542, 12, 4, 4, '2024-10-23 22:31:14', 'Present', ''),
(543, 12, 4, 4, '2024-10-24 22:30:50', 'Present', ''),
(544, 12, 4, 4, '2024-10-27 22:28:21', 'Present', ''),
(545, 12, 4, 4, '2024-10-28 22:25:11', 'Present', ''),
(546, 12, 4, 4, '2024-10-29 16:00:00', 'Absent', ''),
(547, 13, 5, 5, '2024-09-01 22:30:50', 'Present', ''),
(548, 13, 5, 5, '2024-09-02 16:00:00', 'Absent', ''),
(549, 13, 5, 5, '2024-09-03 22:31:14', 'Present', ''),
(550, 13, 5, 5, '2024-09-04 22:30:50', 'Present', ''),
(551, 13, 5, 5, '2024-09-05 16:00:00', 'Absent', ''),
(552, 13, 5, 5, '2024-09-08 22:30:50', 'Present', ''),
(553, 13, 5, 5, '2024-09-09 16:00:00', 'Absent', ''),
(554, 13, 5, 5, '2024-09-10 22:31:14', 'Present', ''),
(555, 13, 5, 5, '2024-09-11 22:30:50', 'Present', ''),
(556, 13, 5, 5, '2024-09-12 16:00:00', 'Absent', ''),
(557, 13, 5, 5, '2024-09-15 22:01:14', 'Present', ''),
(558, 13, 5, 5, '2024-09-16 16:00:00', 'Absent', ''),
(559, 13, 5, 5, '2024-09-17 22:29:24', 'Present', ''),
(560, 13, 5, 5, '2024-09-18 22:30:50', 'Present', ''),
(561, 13, 5, 5, '2024-09-19 22:30:13', 'Present', ''),
(562, 13, 5, 5, '2024-09-22 16:00:00', 'Absent', ''),
(563, 13, 5, 5, '2024-09-23 16:00:00', 'Absent', ''),
(564, 13, 5, 5, '2024-09-24 22:31:14', 'Present', ''),
(565, 13, 5, 5, '2024-09-25 22:30:50', 'Present', ''),
(566, 13, 5, 5, '2024-09-26 16:00:00', 'Absent', ''),
(567, 13, 5, 5, '2024-09-29 22:25:11', 'Present', ''),
(568, 13, 5, 5, '2024-09-30 22:30:50', 'Present', ''),
(569, 13, 5, 5, '2024-10-01 16:00:00', 'Absent', ''),
(570, 13, 5, 5, '2024-10-02 22:31:14', 'Present', ''),
(571, 13, 5, 5, '2024-10-03 22:30:50', 'Present', ''),
(572, 13, 5, 5, '2024-10-06 16:00:00', 'Absent', ''),
(573, 13, 5, 5, '2024-10-07 22:30:50', 'Present', ''),
(574, 13, 5, 5, '2024-10-08 16:00:00', 'Absent', ''),
(575, 13, 5, 5, '2024-10-09 22:31:14', 'Present', ''),
(576, 13, 5, 5, '2024-10-10 22:30:50', 'Present', ''),
(577, 13, 5, 5, '2024-10-13 16:00:00', 'Absent', ''),
(578, 13, 5, 5, '2024-10-14 22:01:14', 'Present', ''),
(579, 13, 5, 5, '2024-10-15 16:00:00', 'Absent', ''),
(580, 13, 5, 5, '2024-10-16 22:29:24', 'Present', ''),
(581, 13, 5, 5, '2024-10-17 22:30:50', 'Present', ''),
(582, 13, 5, 5, '2024-10-20 16:00:00', 'Absent', ''),
(583, 13, 5, 5, '2024-10-21 22:28:21', 'Present', ''),
(584, 13, 5, 5, '2024-10-22 16:00:00', 'Absent', ''),
(585, 13, 5, 5, '2024-10-23 22:31:14', 'Present', ''),
(586, 13, 5, 5, '2024-10-24 22:30:50', 'Present', ''),
(587, 13, 5, 5, '2024-10-27 22:28:21', 'Present', ''),
(588, 13, 5, 5, '2024-10-28 22:25:11', 'Present', ''),
(589, 13, 5, 5, '2024-10-29 16:00:00', 'Absent', ''),
(590, 14, 5, 5, '2024-09-01 22:30:50', 'Present', ''),
(591, 14, 5, 5, '2024-09-02 16:00:00', 'Absent', ''),
(592, 14, 5, 5, '2024-09-03 22:31:14', 'Present', ''),
(593, 14, 5, 5, '2024-09-04 22:30:50', 'Present', ''),
(594, 14, 5, 5, '2024-09-05 16:00:00', 'Absent', ''),
(595, 14, 5, 5, '2024-09-08 22:30:50', 'Present', ''),
(596, 14, 5, 5, '2024-09-09 16:00:00', 'Absent', ''),
(597, 14, 5, 5, '2024-09-10 22:31:14', 'Present', ''),
(598, 14, 5, 5, '2024-09-11 22:30:50', 'Present', ''),
(599, 14, 5, 5, '2024-09-12 16:00:00', 'Absent', ''),
(600, 14, 5, 5, '2024-09-15 22:01:14', 'Present', ''),
(601, 14, 5, 5, '2024-09-16 16:00:00', 'Absent', ''),
(602, 14, 5, 5, '2024-09-17 22:29:24', 'Present', ''),
(603, 14, 5, 5, '2024-09-18 22:30:50', 'Present', ''),
(604, 14, 5, 5, '2024-09-19 22:30:13', 'Present', ''),
(605, 14, 5, 5, '2024-09-22 16:00:00', 'Absent', ''),
(606, 14, 5, 5, '2024-09-23 16:00:00', 'Absent', ''),
(607, 14, 5, 5, '2024-09-24 22:31:14', 'Present', ''),
(608, 14, 5, 5, '2024-09-25 22:30:50', 'Present', ''),
(609, 14, 5, 5, '2024-09-26 16:00:00', 'Absent', ''),
(610, 14, 5, 5, '2024-09-29 22:25:11', 'Present', ''),
(611, 14, 5, 5, '2024-09-30 22:30:50', 'Present', ''),
(612, 14, 5, 5, '2024-10-01 16:00:00', 'Absent', ''),
(613, 14, 5, 5, '2024-10-02 22:31:14', 'Present', ''),
(614, 14, 5, 5, '2024-10-03 22:30:50', 'Present', ''),
(615, 14, 5, 5, '2024-10-06 16:00:00', 'Absent', ''),
(616, 14, 5, 5, '2024-10-07 22:30:50', 'Present', ''),
(617, 14, 5, 5, '2024-10-08 16:00:00', 'Absent', ''),
(618, 14, 5, 5, '2024-10-09 22:31:14', 'Present', ''),
(619, 14, 5, 5, '2024-10-10 22:30:50', 'Present', ''),
(620, 14, 5, 5, '2024-10-13 16:00:00', 'Absent', ''),
(621, 14, 5, 5, '2024-10-14 22:01:14', 'Present', ''),
(622, 14, 5, 5, '2024-10-15 16:00:00', 'Absent', ''),
(623, 14, 5, 5, '2024-10-16 22:29:24', 'Present', ''),
(624, 14, 5, 5, '2024-10-17 22:30:50', 'Present', ''),
(625, 14, 5, 5, '2024-10-20 16:00:00', 'Absent', ''),
(626, 14, 5, 5, '2024-10-21 22:28:21', 'Present', ''),
(627, 14, 5, 5, '2024-10-22 16:00:00', 'Absent', ''),
(628, 14, 5, 5, '2024-10-23 22:31:14', 'Present', ''),
(629, 14, 5, 5, '2024-10-24 22:30:50', 'Present', ''),
(630, 14, 5, 5, '2024-10-27 22:28:21', 'Present', ''),
(631, 14, 5, 5, '2024-10-28 22:25:11', 'Present', ''),
(632, 14, 5, 5, '2024-10-29 16:00:00', 'Absent', ''),
(633, 15, 5, 5, '2024-09-01 22:30:50', 'Present', ''),
(634, 15, 5, 5, '2024-09-02 22:34:25', 'Present', ''),
(635, 15, 5, 5, '2024-09-03 22:31:14', 'Present', ''),
(636, 15, 5, 5, '2024-09-04 22:30:50', 'Present', ''),
(637, 15, 5, 5, '2024-09-05 22:34:25', 'Present', ''),
(638, 15, 5, 5, '2024-09-08 22:30:50', 'Present', ''),
(639, 15, 5, 5, '2024-09-09 22:34:25', 'Present', ''),
(640, 15, 5, 5, '2024-09-10 22:31:14', 'Present', ''),
(641, 15, 5, 5, '2024-09-11 22:30:50', 'Present', ''),
(642, 15, 5, 5, '2024-09-12 22:34:25', 'Present', ''),
(643, 15, 5, 5, '2024-09-15 22:01:14', 'Present', ''),
(644, 15, 5, 5, '2024-09-16 22:34:25', 'Present', ''),
(645, 15, 5, 5, '2024-09-17 22:29:24', 'Present', ''),
(646, 15, 5, 5, '2024-09-18 22:30:50', 'Present', ''),
(647, 15, 5, 5, '2024-09-19 22:30:13', 'Present', ''),
(648, 15, 5, 5, '2024-09-22 22:34:25', 'Present', ''),
(649, 15, 5, 5, '2024-09-23 22:34:25', 'Present', ''),
(650, 15, 5, 5, '2024-09-24 22:31:14', 'Present', ''),
(651, 15, 5, 5, '2024-09-25 22:30:50', 'Present', ''),
(652, 15, 5, 5, '2024-09-26 22:34:25', 'Present', ''),
(653, 15, 5, 5, '2024-09-29 22:25:11', 'Present', ''),
(654, 15, 5, 5, '2024-09-30 22:30:50', 'Present', ''),
(655, 15, 5, 5, '2024-10-01 22:34:25', 'Present', ''),
(656, 15, 5, 5, '2024-10-02 22:31:14', 'Present', ''),
(657, 15, 5, 5, '2024-10-03 22:30:50', 'Present', ''),
(658, 15, 5, 5, '2024-10-06 22:34:25', 'Present', ''),
(659, 15, 5, 5, '2024-10-07 22:30:50', 'Present', ''),
(660, 15, 5, 5, '2024-10-08 22:34:25', 'Present', ''),
(661, 15, 5, 5, '2024-10-09 22:31:14', 'Present', ''),
(662, 15, 5, 5, '2024-10-10 22:30:50', 'Present', ''),
(663, 15, 5, 5, '2024-10-13 22:34:25', 'Present', ''),
(664, 15, 5, 5, '2024-10-14 22:01:14', 'Present', ''),
(665, 15, 5, 5, '2024-10-15 22:34:25', 'Present', ''),
(666, 15, 5, 5, '2024-10-16 22:29:24', 'Present', ''),
(667, 15, 5, 5, '2024-10-17 22:30:50', 'Present', ''),
(668, 15, 5, 5, '2024-10-20 22:34:25', 'Present', ''),
(669, 15, 5, 5, '2024-10-21 22:28:21', 'Present', ''),
(670, 15, 5, 5, '2024-10-22 22:34:25', 'Present', ''),
(671, 15, 5, 5, '2024-10-23 22:31:14', 'Present', ''),
(672, 15, 5, 5, '2024-10-24 22:30:50', 'Present', ''),
(673, 15, 5, 5, '2024-10-27 22:28:21', 'Present', ''),
(674, 15, 5, 5, '2024-10-28 22:25:11', 'Present', ''),
(675, 15, 5, 5, '2024-10-29 22:34:25', 'Present', ''),
(676, 16, 6, 6, '2024-09-01 22:30:50', 'Present', ''),
(677, 16, 6, 6, '2024-09-02 22:34:25', 'Present', ''),
(678, 16, 6, 6, '2024-09-03 22:31:14', 'Present', ''),
(679, 16, 6, 6, '2024-09-04 22:30:50', 'Present', ''),
(680, 16, 6, 6, '2024-09-05 22:34:25', 'Present', ''),
(681, 16, 6, 6, '2024-09-08 22:30:50', 'Present', ''),
(682, 16, 6, 6, '2024-09-09 22:34:25', 'Present', ''),
(683, 16, 6, 6, '2024-09-10 22:31:14', 'Present', ''),
(684, 16, 6, 6, '2024-09-11 22:30:50', 'Present', ''),
(685, 16, 6, 6, '2024-09-12 22:34:25', 'Present', ''),
(686, 16, 6, 6, '2024-09-15 22:01:14', 'Present', ''),
(687, 16, 6, 6, '2024-09-16 22:34:25', 'Present', ''),
(688, 16, 6, 6, '2024-09-17 22:29:24', 'Present', ''),
(689, 16, 6, 6, '2024-09-18 22:30:50', 'Present', ''),
(690, 16, 6, 6, '2024-09-19 22:30:13', 'Present', ''),
(691, 16, 6, 6, '2024-09-22 22:34:25', 'Present', ''),
(692, 16, 6, 6, '2024-09-23 22:34:25', 'Present', ''),
(693, 16, 6, 6, '2024-09-24 22:31:14', 'Present', ''),
(694, 16, 6, 6, '2024-09-25 22:30:50', 'Present', ''),
(695, 16, 6, 6, '2024-09-26 22:34:25', 'Present', ''),
(696, 16, 6, 6, '2024-09-29 22:25:11', 'Present', ''),
(697, 16, 6, 6, '2024-09-30 22:30:50', 'Present', ''),
(698, 16, 6, 6, '2024-10-01 22:34:25', 'Present', ''),
(699, 16, 6, 6, '2024-10-02 22:31:14', 'Present', ''),
(700, 16, 6, 6, '2024-10-03 22:30:50', 'Present', ''),
(701, 16, 6, 6, '2024-10-06 22:34:25', 'Present', ''),
(702, 16, 6, 6, '2024-10-07 22:30:50', 'Present', ''),
(703, 16, 6, 6, '2024-10-08 22:34:25', 'Present', ''),
(704, 16, 6, 6, '2024-10-09 22:31:14', 'Present', ''),
(705, 16, 6, 6, '2024-10-10 22:30:50', 'Present', ''),
(706, 16, 6, 6, '2024-10-13 22:34:25', 'Present', ''),
(707, 16, 6, 6, '2024-10-14 22:01:14', 'Present', ''),
(708, 16, 6, 6, '2024-10-15 22:34:25', 'Present', ''),
(709, 16, 6, 6, '2024-10-16 22:29:24', 'Present', ''),
(710, 16, 6, 6, '2024-10-17 22:30:50', 'Present', ''),
(711, 16, 6, 6, '2024-10-20 22:34:25', 'Present', ''),
(712, 16, 6, 6, '2024-10-21 22:28:21', 'Present', ''),
(713, 16, 6, 6, '2024-10-22 22:34:25', 'Present', ''),
(714, 16, 6, 6, '2024-10-23 22:31:14', 'Present', ''),
(715, 16, 6, 6, '2024-10-24 22:30:50', 'Present', ''),
(716, 16, 6, 6, '2024-10-27 22:28:21', 'Present', ''),
(717, 16, 6, 6, '2024-10-28 22:25:11', 'Present', ''),
(718, 16, 6, 6, '2024-10-29 22:34:25', 'Present', ''),
(719, 17, 6, 6, '2024-09-01 22:30:50', 'Present', ''),
(720, 17, 6, 6, '2024-09-02 22:34:25', 'Present', ''),
(721, 17, 6, 6, '2024-09-03 22:31:14', 'Present', ''),
(722, 17, 6, 6, '2024-09-04 22:30:50', 'Present', ''),
(723, 17, 6, 6, '2024-09-05 22:34:25', 'Present', ''),
(724, 17, 6, 6, '2024-09-08 22:30:50', 'Present', ''),
(725, 17, 6, 6, '2024-09-09 22:34:25', 'Present', ''),
(726, 17, 6, 6, '2024-09-10 22:31:14', 'Present', ''),
(727, 17, 6, 6, '2024-09-11 22:30:50', 'Present', ''),
(728, 17, 6, 6, '2024-09-12 22:34:25', 'Present', ''),
(729, 17, 6, 6, '2024-09-15 22:01:14', 'Present', ''),
(730, 17, 6, 6, '2024-09-16 22:34:25', 'Present', ''),
(731, 17, 6, 6, '2024-09-17 22:29:24', 'Present', ''),
(732, 17, 6, 6, '2024-09-18 22:30:50', 'Present', ''),
(733, 17, 6, 6, '2024-09-19 22:30:13', 'Present', ''),
(734, 17, 6, 6, '2024-09-22 22:34:25', 'Present', ''),
(735, 17, 6, 6, '2024-09-23 22:34:25', 'Present', ''),
(736, 17, 6, 6, '2024-09-24 22:31:14', 'Present', ''),
(737, 17, 6, 6, '2024-09-25 22:30:50', 'Present', ''),
(738, 17, 6, 6, '2024-09-26 22:34:25', 'Present', ''),
(739, 17, 6, 6, '2024-09-29 22:25:11', 'Present', ''),
(740, 17, 6, 6, '2024-09-30 22:30:50', 'Present', ''),
(741, 17, 6, 6, '2024-10-01 22:34:25', 'Present', ''),
(742, 17, 6, 6, '2024-10-02 22:31:14', 'Present', ''),
(743, 17, 6, 6, '2024-10-03 22:30:50', 'Present', ''),
(744, 17, 6, 6, '2024-10-06 22:34:25', 'Present', ''),
(745, 17, 6, 6, '2024-10-07 22:30:50', 'Present', ''),
(746, 17, 6, 6, '2024-10-08 22:34:25', 'Present', ''),
(747, 17, 6, 6, '2024-10-09 22:31:14', 'Present', ''),
(748, 17, 6, 6, '2024-10-10 22:30:50', 'Present', ''),
(749, 17, 6, 6, '2024-10-13 22:34:25', 'Present', ''),
(750, 17, 6, 6, '2024-10-14 22:01:14', 'Present', ''),
(751, 17, 6, 6, '2024-10-15 22:34:25', 'Present', ''),
(752, 17, 6, 6, '2024-10-16 22:29:24', 'Present', ''),
(753, 17, 6, 6, '2024-10-17 22:30:50', 'Present', ''),
(754, 17, 6, 6, '2024-10-20 22:34:25', 'Present', ''),
(755, 17, 6, 6, '2024-10-21 22:28:21', 'Present', ''),
(756, 17, 6, 6, '2024-10-22 22:34:25', 'Present', ''),
(757, 17, 6, 6, '2024-10-23 22:31:14', 'Present', ''),
(758, 17, 6, 6, '2024-10-24 22:30:50', 'Present', ''),
(759, 17, 6, 6, '2024-10-27 22:28:21', 'Present', ''),
(760, 17, 6, 6, '2024-10-28 22:25:11', 'Present', ''),
(761, 17, 6, 6, '2024-10-29 22:34:25', 'Present', ''),
(762, 18, 6, 6, '2024-11-11 16:00:00', 'Absent', ''),
(763, 18, 6, 6, '2024-09-01 22:30:50', 'Present', ''),
(764, 18, 6, 6, '2024-09-02 22:34:25', 'Present', ''),
(765, 18, 6, 6, '2024-09-03 22:31:14', 'Present', ''),
(766, 18, 6, 6, '2024-09-04 22:30:50', 'Present', ''),
(767, 18, 6, 6, '2024-09-05 22:34:25', 'Present', ''),
(768, 18, 6, 6, '2024-09-08 22:30:50', 'Present', ''),
(769, 18, 6, 6, '2024-09-09 22:34:25', 'Present', ''),
(770, 18, 6, 6, '2024-09-10 22:31:14', 'Present', ''),
(771, 18, 6, 6, '2024-09-11 22:30:50', 'Present', ''),
(772, 18, 6, 6, '2024-09-12 22:34:25', 'Present', ''),
(773, 18, 6, 6, '2024-09-15 22:01:14', 'Present', ''),
(774, 18, 6, 6, '2024-09-16 22:34:25', 'Present', ''),
(775, 18, 6, 6, '2024-09-17 22:29:24', 'Present', ''),
(776, 18, 6, 6, '2024-09-18 22:30:50', 'Present', ''),
(777, 18, 6, 6, '2024-09-19 22:30:13', 'Present', ''),
(778, 18, 6, 6, '2024-09-22 22:34:25', 'Present', ''),
(779, 18, 6, 6, '2024-09-23 22:34:25', 'Present', ''),
(780, 18, 6, 6, '2024-09-24 22:31:14', 'Present', ''),
(781, 18, 6, 6, '2024-09-25 22:30:50', 'Present', ''),
(782, 18, 6, 6, '2024-09-26 22:34:25', 'Present', ''),
(783, 18, 6, 6, '2024-09-29 22:25:11', 'Present', ''),
(784, 18, 6, 6, '2024-09-30 22:30:50', 'Present', ''),
(785, 18, 6, 6, '2024-10-01 22:34:25', 'Present', ''),
(786, 18, 6, 6, '2024-10-02 22:31:14', 'Present', ''),
(787, 18, 6, 6, '2024-10-03 22:30:50', 'Present', ''),
(788, 18, 6, 6, '2024-10-06 22:34:25', 'Present', ''),
(789, 18, 6, 6, '2024-10-07 22:30:50', 'Present', ''),
(790, 18, 6, 6, '2024-10-08 22:34:25', 'Present', ''),
(791, 18, 6, 6, '2024-10-09 22:31:14', 'Present', ''),
(792, 18, 6, 6, '2024-10-10 22:30:50', 'Present', ''),
(793, 18, 6, 6, '2024-10-13 22:34:25', 'Present', ''),
(794, 18, 6, 6, '2024-10-14 22:01:14', 'Present', ''),
(795, 18, 6, 6, '2024-10-15 22:34:25', 'Present', ''),
(796, 18, 6, 6, '2024-10-16 22:29:24', 'Present', ''),
(797, 18, 6, 6, '2024-10-17 22:30:50', 'Present', ''),
(798, 18, 6, 6, '2024-10-20 22:34:25', 'Present', ''),
(799, 18, 6, 6, '2024-10-21 22:28:21', 'Present', ''),
(800, 18, 6, 6, '2024-10-22 22:34:25', 'Present', ''),
(801, 18, 6, 6, '2024-10-23 22:31:14', 'Present', ''),
(802, 18, 6, 6, '2024-10-24 22:30:50', 'Present', ''),
(803, 18, 6, 6, '2024-10-27 22:28:21', 'Present', ''),
(804, 18, 6, 6, '2024-10-28 22:25:11', 'Present', ''),
(805, 18, 6, 6, '2024-10-29 22:34:25', 'Present', '');

-- --------------------------------------------------------

--
-- Table structure for table `grade`
--

CREATE TABLE `grade` (
  `grade_id` int(11) NOT NULL,
  `grade` int(10) NOT NULL
) ENGINE=InnoDB DEFAULT CHARSET=utf8mb4;

--
-- Dumping data for table `grade`
--

INSERT INTO `grade` (`grade_id`, `grade`) VALUES
(1, 1),
(2, 2),
(3, 3),
(4, 4),
(5, 5),
(6, 6);

-- --------------------------------------------------------

--
-- Table structure for table `schedules`
--

CREATE TABLE `schedules` (
  `schedule_id` int(11) NOT NULL,
  `start_class` time NOT NULL,
  `end_class` time NOT NULL,
  `grade_id` int(11) NOT NULL,
  `section_id` int(11) NOT NULL,
  `subject_id` int(11) NOT NULL,
  `teacher_id` int(11) NOT NULL
) ENGINE=InnoDB DEFAULT CHARSET=utf8mb4;

--
-- Dumping data for table `schedules`
--

INSERT INTO `schedules` (`schedule_id`, `start_class`, `end_class`, `grade_id`, `section_id`, `subject_id`, `teacher_id`) VALUES
(1, '21:55:00', '23:59:00', 1, 1, 1, 1),
(2, '21:50:00', '23:59:00', 1, 2, 2, 2),
(3, '06:40:00', '12:20:00', 1, 3, 3, 3),
(4, '06:40:00', '11:00:00', 2, 1, 4, 4),
(5, '06:40:00', '12:20:00', 2, 2, 5, 5),
(6, '06:40:00', '12:20:00', 2, 3, 6, 6),
(7, '06:40:00', '07:40:00', 3, 1, 7, 7),
(8, '09:40:00', '10:40:00', 3, 1, 8, 8),
(9, '06:40:00', '19:40:00', 3, 3, 9, 9),
(10, '11:40:00', '12:40:00', 3, 1, 9, 9),
(11, '09:40:00', '10:40:00', 3, 2, 7, 7),
(12, '06:40:00', '07:40:00', 3, 2, 8, 8),
(13, '08:40:00', '09:40:00', 3, 2, 9, 9),
(14, '11:40:00', '12:40:00', 3, 3, 7, 7),
(15, '10:40:00', '11:40:00', 3, 3, 8, 8),
(16, '06:40:00', '07:40:00', 4, 1, 10, 10),
(17, '09:40:00', '10:40:00', 4, 1, 11, 11),
(18, '11:40:00', '12:40:00', 4, 1, 12, 12),
(19, '09:40:00', '10:40:00', 4, 2, 10, 10),
(20, '06:40:00', '07:40:00', 4, 2, 11, 11),
(21, '08:40:00', '09:40:00', 4, 2, 12, 12),
(22, '11:40:00', '12:40:00', 4, 3, 10, 10),
(23, '10:40:00', '11:40:00', 4, 3, 11, 11),
(24, '06:40:00', '07:40:00', 4, 3, 12, 12),
(25, '11:40:00', '12:40:00', 5, 1, 13, 13),
(26, '10:40:00', '11:40:00', 5, 1, 14, 14),
(27, '06:40:00', '07:40:00', 5, 1, 15, 15),
(28, '06:40:00', '07:40:00', 5, 2, 13, 13),
(29, '09:40:00', '10:40:00', 5, 2, 14, 14),
(30, '11:40:00', '00:40:00', 5, 2, 15, 15),
(31, '09:40:00', '10:40:00', 5, 3, 13, 13),
(32, '06:40:00', '07:40:00', 5, 3, 14, 14),
(33, '08:40:00', '09:40:00', 5, 3, 15, 15),
(34, '09:40:00', '10:40:00', 6, 1, 16, 16),
(35, '06:40:00', '07:40:00', 6, 1, 17, 17),
(36, '08:40:00', '09:40:00', 6, 1, 18, 18),
(37, '11:40:00', '12:40:00', 6, 2, 16, 16),
(38, '10:40:00', '11:40:00', 6, 2, 17, 17),
(39, '06:40:00', '07:40:00', 6, 2, 18, 18),
(40, '06:40:00', '07:40:00', 6, 3, 16, 16),
(41, '09:40:00', '10:40:00', 6, 3, 17, 17),
(42, '11:40:00', '12:40:00', 6, 3, 18, 18);

-- --------------------------------------------------------

--
-- Table structure for table `sections`
--

CREATE TABLE `sections` (
  `section_id` int(11) NOT NULL,
  `section` int(10) NOT NULL
) ENGINE=InnoDB DEFAULT CHARSET=utf8mb4;

--
-- Dumping data for table `sections`
--

INSERT INTO `sections` (`section_id`, `section`) VALUES
(1, 1),
(2, 2),
(3, 3);

-- --------------------------------------------------------

--
-- Table structure for table `students`
--

CREATE TABLE `students` (
  `student_id` int(11) NOT NULL,
  `student_lrn` varchar(200) NOT NULL,
  `firstName` varchar(200) NOT NULL,
  `lastName` varchar(200) NOT NULL,
  `gender` varchar(255) NOT NULL,
  `email` varchar(200) NOT NULL,
  `guardian` varchar(200) NOT NULL,
  `guardianContact` varchar(200) NOT NULL,
  `grade_id` int(200) NOT NULL,
  `section_id` int(11) NOT NULL,
  `image` varchar(200) NOT NULL,
  `qr` varchar(200) NOT NULL,
  `status` varchar(255) NOT NULL DEFAULT 'Low Risk',
  `actionTake` varchar(255) NOT NULL DEFAULT '-',
  `result` varchar(255) NOT NULL DEFAULT '-'
) ENGINE=InnoDB DEFAULT CHARSET=utf8mb4;

--
-- Dumping data for table `students`
--

INSERT INTO `students` (`student_id`, `student_lrn`, `firstName`, `lastName`, `gender`, `email`, `guardian`, `guardianContact`, `grade_id`, `section_id`, `image`, `qr`, `status`, `actionTake`, `result`) VALUES
(1, '136717386178', 'Bernice', 'Green', 'Female', 'knmcruiz@gmail.com', 'Gray Green', '09953524022', 1, 1, '673204ea125b0.jpg', 'qHOLvEgxYp', 'Low Risk', '-', '-'),
(2, '136799758836', 'Dorris', 'Shea', 'Female', 'knmcruiz@gmail.com', 'Aly Shea', '09953524022', 1, 1, '6732053da50a2.jpg', 'cbIe0gAGX8', 'Low Risk', '-', '-'),
(3, '136775292063', 'Alexandria', 'Briggs', 'Female', 'knmcruiz@gmail.com', 'Andrew Briggs', '09953524022', 1, 1, '673205a69aeaf.jpg', 'FSESZLuqrs', 'Medium Risk', '-', '-'),
(4, '136729615872', 'Scotty', 'Grimes', 'Male', 'knmcruiz@gmail.com', 'Julie Grimes', '9953524022', 1, 2, '673205fec9747.jpg', 'ivcn3TQHyU', 'Low Risk', '-', '-'),
(5, '136761075330', 'Lorene', 'Pittman', 'Female', 'knmcruiz@gmail.com', 'Lauren Pittman', '9953524022', 1, 2, '6732063e73fce.jpg', 'unvfdRe8Ro', 'Low Risk', '-', '-'),
(6, '136700765321', 'Quentin', 'Combs', 'Female', 'knmcruiz@gmail.com', 'Penny Combs', '9953524022', 1, 2, '673206c7307b7.jpg', 'uDUoYO1gex', 'Medium Risk', 'Home Visit', 'Little improvement'),
(7, '136755929137', 'Lilian', 'Ruiz', 'Female', 'knmcruiz@gmail.com', 'Lily Ruiz', '9953524022', 1, 3, '673207560772a.jpg', 'Dhi2gP8vMD', 'Medium Risk', '-', '-'),
(8, '136732362590', 'Lonnie', 'Macdonald', 'Male', 'knmcruiz@gmail.com', 'Arnold Macdonald', '9953524022', 1, 3, '6732079b5a423.jpg', 'K8TgYYmDnZ', 'Low Risk', '-', '-'),
(9, '136725645752', 'Josh', 'Moon', 'Male', 'knmcruiz@gmail.com', 'Leah Andrews', '9953524022', 1, 3, '673207dcf37e1.jpg', 'SmB1xAAwhh', 'Low Risk', '-', '-'),
(10, '136783509680', 'Donte', 'Steele', 'Male', 'knmcruiz@gmail.com', 'Dante Steele', '9953524022', 2, 1, '6732083966183.jpg', 'dwUCBsO5G1', 'Low Risk', '-', '-'),
(11, '136717579027', 'Barry', 'Levy', 'Male', 'knmcruiz@gmail.com', 'Donald Levy', '9953524022', 2, 1, '673208721bd23.jpg', 'WFeRqScUw8', 'Low Risk', '-', '-'),
(12, '136704613032', 'Victor', 'Rice', 'Male', 'knmcruiz@gmail.com', 'Victoria Rice', '9953524022', 2, 1, '673208a5a7f0a.jpg', 'In8MuSxspl', 'Low Risk', '-', '-'),
(13, '136769330356', 'Tami', 'Weber', 'Female', 'knmcruiz@gmail.com', 'Andrea Weber', '9953524022', 2, 2, '673208da63229.jpg', 'xzJ20j7Q7q', 'Medium Risk', '-', '-'),
(14, '136788932494', 'Joan', 'Townsend', 'Female', 'knmcruiz@gmail.com', 'Joe Townsend', '9953524022', 2, 2, '6732091bede64.jpg', 'TZuej7Whv6', 'Medium Risk', '-', '-'),
(15, '136756744477', 'Bob', 'Hancock', 'Male', 'knmcruiz@gmail.com', 'Bobby Hancock', '9953524022', 2, 2, '6732096719634.jpg', 'VM7HUKPpJC', 'Low Risk', '-', '-'),
(16, '136757816575', 'Markus', 'Odonnell', 'Male', 'knmcruiz@gmail.com', 'Mikah Lopez', '9953524022', 2, 3, '6732099f24333.jpg', 'hoP3CoqBni', 'Low Risk', '-', '-'),
(17, '136749053460', 'Darryl', 'Fischer', 'Male', 'knmcruiz@gmail.com', 'Darren Fischer', '9953524022', 2, 3, '673209d6ddb14.jpg', 'RmySwEcpJd', 'Low Risk', '-', '-'),
(18, '136742910999', 'Antonia', 'Maynard', 'Female', 'knmcruiz@gmail.com', 'Anthony Maynard', '9953524022', 2, 3, '67320a0fc7ee8.jpg', 'qSZUBjXyTx', 'Low Risk', '-', '-'),
(19, '136741574158', 'Saoirse', 'Salinas', 'Female', 'knmcruiz@gmail.com', 'Aira Salinas', '9953524022', 3, 1, '67333a547e541.jpg', 'RI8xsguwM9', 'Low Risk', '-', '-'),
(20, '136718541203', 'Celine', 'Barton', 'Female', 'knmcruiz@gmail.com', 'Berta Barton', '9953524022', 3, 1, '67333a95868d3.jpg', '5t9o1kimgi', 'Low Risk', '-', '-'),
(21, '136715541257', 'Amelie', 'Vincent', 'Female', 'knmcruiz@gmail.com', 'Andrea Vincent', '9953524022', 3, 1, '67333ae432b9e.jpg', '45AG4ZuxBb', 'Low Risk', '-', '-'),
(22, '1367410274589', 'Melisa', 'Payne', 'Female', 'knmcruiz@gmail.com', 'Lisa Payne', '9953524022', 3, 2, '67333b4e98f48.jpg', 'xK09dcHyQj', 'Low Risk', '-', '-'),
(23, '136714185412', 'Gideon', 'Olaran', 'Male', 'knmcruiz@gmail.com', 'Perry Olaran', '9953524022', 3, 2, '67333b96602fc.jpg', 'vZLuegCzuX', 'Low Risk', '-', '-'),
(24, '136748154789', 'Ava-Rose', 'Johnson', 'Male', 'knmcruiz@gmail.com', 'Rose Johnson', '9953524022', 3, 2, '67333bca91393.jpg', 'LqYEUGc2CR', 'Low Risk', '-', '-'),
(25, '136748510213', 'Jake', 'Doyle', 'Male', 'knmcruiz@gmail.com', 'Charles Doyle', '9953524022', 3, 3, '67333c07421b2.jpg', 'IMW6UvHhG5', 'Low Risk', '-', '-'),
(26, '136745870133', 'Sophia', 'Burch', 'Female', 'knmcruiz@gmail.com', 'Maria Navarro', '9953524022', 3, 3, '67333c45ac5d8.jpg', '1jzdiRC5iF', 'Low Risk', '-', '-'),
(27, '136748510233', 'Neil', 'Robertson', 'Male', 'knmcruiz@gmail.com', 'Albert Robertson', '9953524022', 3, 3, '67333c7a6d22b.jpg', 'vOtL7hGVO7', 'Low Risk', '-', '-');

-- --------------------------------------------------------

--
-- Table structure for table `student_risk`
--

CREATE TABLE `student_risk` (
  `risk_id` int(11) NOT NULL,
  `student_id` int(11) NOT NULL,
  `actionTake` varchar(255) NOT NULL,
  `result` varchar(255) NOT NULL,
  `teacher_id` int(11) NOT NULL
) ENGINE=InnoDB DEFAULT CHARSET=utf8mb4;

-- --------------------------------------------------------

--
-- Table structure for table `subject`
--

CREATE TABLE `subject` (
  `subject_id` int(11) NOT NULL,
  `subject` varchar(200) NOT NULL,
  `grade_id` int(10) NOT NULL
) ENGINE=InnoDB DEFAULT CHARSET=utf8mb4;

--
-- Dumping data for table `subject`
--

INSERT INTO `subject` (`subject_id`, `subject`, `grade_id`) VALUES
(1, 'Lily', 1),
(2, 'Rose', 1),
(3, 'Sampaguita', 1),
(4, 'Mahogany', 2),
(5, 'Acacia', 2),
(6, 'Narra', 2),
(7, 'Mathematics 3', 3),
(8, 'Science 3', 3),
(9, 'Filipino 3', 3),
(10, 'English 4', 4),
(11, 'Edukasyon sa Pagpapakatao 4', 4),
(12, 'Araling Panlipunan 4', 4),
(13, 'Science 5', 5),
(14, 'English 5', 5),
(15, 'Filipino 5', 5),
(16, 'English 6', 6),
(17, 'Filipino 6', 6),
(18, 'Edukasyon sa Pagpapakatao 6', 6);

-- --------------------------------------------------------

--
-- Table structure for table `teachers`
--

CREATE TABLE `teachers` (
  `teacher_id` int(11) NOT NULL,
  `courtesy` varchar(2555) NOT NULL,
  `name` varchar(200) NOT NULL,
  `contact` varchar(200) NOT NULL,
  `username` varchar(200) NOT NULL,
  `password` varchar(200) NOT NULL,
  `subject_id` int(20) NOT NULL,
  `grade_id` int(20) NOT NULL,
  `image` varchar(200) NOT NULL,
  `status` varchar(200) NOT NULL DEFAULT 'Offline'
) ENGINE=InnoDB DEFAULT CHARSET=utf8mb4;

--
-- Dumping data for table `teachers`
--

INSERT INTO `teachers` (`teacher_id`, `courtesy`, `name`, `contact`, `username`, `password`, `subject_id`, `grade_id`, `image`, `status`) VALUES
(1, 'MS.', 'Ivy Schwartz', '+63-919-555-8109', 'ivy.s', 'schwartz', 1, 1, '6731efa6e2113.png', 'Offline'),
(2, 'MS.', 'Jewell Cantu', '+63-928-555-4227', 'jewell.c', 'cantu', 2, 1, '', 'Offline'),
(3, 'MS.', 'Susanne Franklin', '+63-929-555-6097', 'susanne.f', 'franklin', 3, 1, '', 'Offline'),
(4, 'MS.', 'Lacey Norris', '+63-283-555-5126', 'lacey.n', 'norris', 4, 2, '', 'Offline'),
(5, 'MS.', 'Lorraine Watkins', '+63-929-555-5261', 'lorraine.w', 'watkins', 5, 2, '', 'Offline'),
(6, 'MS.', 'Susie Zamora', '+63-932-555-7359', 'susie.z', 'zamora', 6, 2, '', 'Online'),
(7, 'MS.', 'Adela Flynn', '+63-923-555-3995', 'adela.f', 'flynn', 7, 3, '', 'Offline'),
(8, 'Mr.', 'Stanford Barnes', '+63-280-555-2402', 'stanford.b', 'barnes', 8, 3, '', 'Offline'),
(9, 'Ms.', 'Jamie Knox', '+63-919-555-4931', 'jamie.k', 'knox', 9, 3, '', 'Offline'),
(10, 'Mr.', 'Malcom Chambers', '+63-929-555-0000', 'malcom.c', 'chambers', 10, 4, '', 'Offline'),
(11, 'Ms.', 'Claire Hughes', '+63-929-555-0000', 'claire.h', 'hughes', 11, 4, '', 'Offline'),
(12, 'Ms.', 'Tricia Decker', '+63-910-555-0756', 'tricia.d', 'decker', 12, 4, '', 'Offline'),
(13, 'Mr.', 'Theo Santiago', '+63-910-555-4188', 'theo.s', 'santiago', 13, 5, '', 'Offline'),
(14, 'Ms.', 'Nadia Burton', '+63-929-555-6295', 'naida.b', 'burton', 14, 5, '', 'Offline'),
(15, 'Mr.', 'Alden Wade', '+63-919-555-4705', 'alden.w', 'wade', 15, 5, '', 'Offline'),
(16, 'Ms.', 'Stephanie Michael', '+63-907-555-7054', 'stephanie.m', 'michael', 16, 6, '', 'Offline'),
(17, 'Ms.', 'Phoebe Browning', '+63-933-555-8007', 'phoebe.b', 'browning', 17, 6, '', 'Offline'),
(18, 'Ms.', 'Debbie Krause', '+63-280-555-2281', 'debbie.k', 'krause', 18, 6, '', 'Offline');

--
-- Indexes for dumped tables
--

--
-- Indexes for table `admin`
--
ALTER TABLE `admin`
  ADD PRIMARY KEY (`admin_id`);

--
-- Indexes for table `attendance`
--
ALTER TABLE `attendance`
  ADD PRIMARY KEY (`attendance_id`);

--
-- Indexes for table `grade`
--
ALTER TABLE `grade`
  ADD PRIMARY KEY (`grade_id`);

--
-- Indexes for table `schedules`
--
ALTER TABLE `schedules`
  ADD PRIMARY KEY (`schedule_id`);

--
-- Indexes for table `sections`
--
ALTER TABLE `sections`
  ADD PRIMARY KEY (`section_id`);

--
-- Indexes for table `students`
--
ALTER TABLE `students`
  ADD PRIMARY KEY (`student_id`);

--
-- Indexes for table `student_risk`
--
ALTER TABLE `student_risk`
  ADD PRIMARY KEY (`risk_id`);

--
-- Indexes for table `subject`
--
ALTER TABLE `subject`
  ADD PRIMARY KEY (`subject_id`);

--
-- Indexes for table `teachers`
--
ALTER TABLE `teachers`
  ADD PRIMARY KEY (`teacher_id`);

--
-- AUTO_INCREMENT for dumped tables
--

--
-- AUTO_INCREMENT for table `admin`
--
ALTER TABLE `admin`
  MODIFY `admin_id` int(11) NOT NULL AUTO_INCREMENT, AUTO_INCREMENT=4;

--
-- AUTO_INCREMENT for table `attendance`
--
ALTER TABLE `attendance`
  MODIFY `attendance_id` int(11) NOT NULL AUTO_INCREMENT, AUTO_INCREMENT=806;

--
-- AUTO_INCREMENT for table `grade`
--
ALTER TABLE `grade`
  MODIFY `grade_id` int(11) NOT NULL AUTO_INCREMENT, AUTO_INCREMENT=7;

--
-- AUTO_INCREMENT for table `schedules`
--
ALTER TABLE `schedules`
  MODIFY `schedule_id` int(11) NOT NULL AUTO_INCREMENT, AUTO_INCREMENT=43;

--
-- AUTO_INCREMENT for table `sections`
--
ALTER TABLE `sections`
  MODIFY `section_id` int(11) NOT NULL AUTO_INCREMENT, AUTO_INCREMENT=4;

--
-- AUTO_INCREMENT for table `students`
--
ALTER TABLE `students`
  MODIFY `student_id` int(11) NOT NULL AUTO_INCREMENT, AUTO_INCREMENT=28;

--
-- AUTO_INCREMENT for table `student_risk`
--
ALTER TABLE `student_risk`
  MODIFY `risk_id` int(11) NOT NULL AUTO_INCREMENT;

--
-- AUTO_INCREMENT for table `subject`
--
ALTER TABLE `subject`
  MODIFY `subject_id` int(11) NOT NULL AUTO_INCREMENT, AUTO_INCREMENT=36;

--
-- AUTO_INCREMENT for table `teachers`
--
ALTER TABLE `teachers`
  MODIFY `teacher_id` int(11) NOT NULL AUTO_INCREMENT, AUTO_INCREMENT=19;
COMMIT;

/*!40101 SET CHARACTER_SET_CLIENT=@OLD_CHARACTER_SET_CLIENT */;
/*!40101 SET CHARACTER_SET_RESULTS=@OLD_CHARACTER_SET_RESULTS */;
/*!40101 SET COLLATION_CONNECTION=@OLD_COLLATION_CONNECTION */;
